_id,url,x,y,z,itemType
1,557b354ce9bf8db0a7ed2afc79e27f28c3ccaaaf2c460a51993cac2b0564ef60,43.13005921622691,75.1118727240194,-122.24967766591506,FARMING_ORB
2,557b354ce9bf8db0a7ed2afc79e27f28c3ccaaaf2c460a51993cac2b0564ef60,28.31150256073339,75.48551224990652,-140.6871747405607,FARMING_ORB
3,557b354ce9bf8db0a7ed2afc79e27f28c3ccaaaf2c460a51993cac2b0564ef60,63.414336674908704,76.97180664240655,-134.42058576459584,FARMING_ORB
4,557b354ce9bf8db0a7ed2afc79e27f28c3ccaaaf2c460a51993cac2b0564ef60,73.69529306049547,79.21654074104354,-160.75138423775255,FARMING_ORB
5,557b354ce9bf8db0a7ed2afc79e27f28c3ccaaaf2c460a51993cac2b0564ef60,59.50817153963336,79.21654074104354,-182.6970617412972,FARMING_ORB
6,557b354ce9bf8db0a7ed2afc79e27f28c3ccaaaf2c460a51993cac2b0564ef60,23.69214972882618,77.72147472159656,-178.00258311237133,FARMING_ORB
