_id,url,x,y,z,itemType,serverType
1,9265f96f54b78885c46e7d2f86b1c1dbfe643c6060fc7fcc9834c3e3fd595135,43.13005921622691,75.1118727240194,-122.24967766591506,WHEAT_CRYSTAL,VILLAGE
2,9265f96f54b78885c46e7d2f86b1c1dbfe643c6060fc7fcc9834c3e3fd595135,28.31150256073339,75.48551224990652,-140.6871747405607,WHEAT_CRYSTAL,VILLAGE
3,9265f96f54b78885c46e7d2f86b1c1dbfe643c6060fc7fcc9834c3e3fd595135,63.414336674908704,76.97180664240655,-134.42058576459584,WHEAT_CRYSTAL,VILLAGE
4,9265f96f54b78885c46e7d2f86b1c1dbfe643c6060fc7fcc9834c3e3fd595135,73.69529306049547,79.21654074104354,-160.75138423775255,WHEAT_CRYSTAL,VILLAGE
5,9265f96f54b78885c46e7d2f86b1c1dbfe643c6060fc7fcc9834c3e3fd595135,59.50817153963336,79.21654074104354,-182.6970617412972,WHEAT_CRYSTAL,VILLAGE
6,9265f96f54b78885c46e7d2f86b1c1dbfe643c6060fc7fcc9834c3e3fd595135,23.69214972882618,77.72147472159656,-178.00258311237133,WHEAT_CRYSTAL,VILLAGE
7,9265f96f54b78885c46e7d2f86b1c1dbfe643c6060fc7fcc9834c3e3fd595135,-7,78,-27,FLOWER_CRYSTAL,VILLAGE
